title,desc,content,keywords
New York City Mandates Vaccines for Its Workers to ‘End the Covid Era',"Mayor Bill de Blasio says 46,000 unvaccinated city workers must get a coronavirus shot by November or lose their paychecks.","Gregory Floyd, president of Teamsters Local 237, which represents approximately 7,400 employees in the public housing system, where just six in 10 workers are vaccinated, said he believes many worker… [+1725 chars]","['#Gregory', '#Floyd', '#president', '#Teamsters', '#Local']"
Bolsonaro's Pandemic Handling Draws Explosive Allegation: Homicide,A long-awaited report from a panel of Brazilian senators concludes that Jair Bolsonaro purposely let the coronavirus kill Brazilians in a failed bid for herd immunity.,"The committee was scheduled to release the report on Wednesday and then vote on it a week later. The group of seven opposition senators generally agree on the report, Mr. Calheiros said, suggesting t… [+1906 chars]","['#report', '#committee', '#scheduled', '#release', '#Wednesday']"
"Live Performance Is Back, With New Rituals Joining the Old Ones",Seeing theater these days can involve waiting in lines to show proof of vaccination and getting rapid coronavirus tests for young children. Many fans seem undeterred.,"They made it in: Reached after the performance, Spino said checkers had let Nicholas attend Stomp with proof of a negative rapid test he had taken earlier in the day.
At some shows, adults who have … [+1492 chars]","['#Reached', '#performance', '#Spino', '#said', '#checkers']"
"Please, Everyone, a Moment of Silence for These Antivax Cops Who Ragequit Their Jobs","On Tuesday, around a dozen former Washington State Patrol (WSP) troopers laid their boots and uniform hats on the steps of the Washington State Capitol in memory of those troopers lost to the coronavirus pandemic. Read more...","On Tuesday, around a dozen former Washington State Patrol (WSP) troopers laid their boots and uniform hats on the steps of the Washington State Capitol in memory of those troopers lost to the coronav… [+6505 chars]","['#Washington', '#State', '#troopers', '#Tuesday', '#dozen']"
Latvia enters month-long Covid lockdown as fourth wave breaks,Former coronavirus success story forced to impose night-time curfew as infections surge<ul><li>Coronavirus – latest updates</li><li>See all our coronavirus coverage</li></ul>Latvia has announced a month-long Covid-19 lockdown after an unprecedented surge in i…,"Latvia has announced a month-long Covid-19 lockdown after an unprecedented surge in infections, becoming the first country in Europe to reimpose far-reaching restrictions as countries across the cont… [+3654 chars]","['#Latvia', '#announced', '#month', '#Covid-19', '#lockdown']"
"A UK COVID lockdown would be wrong right now, business minister says - Reuters","Another COVID lockdown would be completely wrong right now as Britain is learning to live with the novel coronavirus, Business Secretary Kwasi Kwarteng said on Wednesday.","Workers walk towards Tower Bridge during the morning rush hour, amid a relaxation of lockdown restrictions during the coronavirus disease (COVID-19) pandemic in London, Britain, September 15, 2021. R… [+615 chars]","['#Workers', '#walk', '#Tower', '#Bridge', '#morning']"
Poland to make COVID booster shots available to all adults - Reuters,"Poland is planning to make third doses of the coronavirus vaccine available to all adults ""over the next few weeks"", Prime Minister Mateusz Morawiecki said on Wednesday.","A doctor prepares the Pfizer-BioNTech coronavirus disease (COVID-19) vaccine at the University Hospital in Bialystok, Poland January 4, 2021. Agnieszka Sadowska/Agencja Gazeta via REUTERS WARSAW, Oct… [+615 chars]","['#doctor', '#prepares', '#Pfizer', '#BioNTech', '#coronavirus']"
Why is England driving the rise in UK Covid cases?,"A drop-off in mask wearing and slow uptake of booster jabs are among the reasons for the continuing growth<ul><li>Coronavirus – latest updates</li><li>See all our coronavirus coverage</li></ul>Covid cases in the UK are on the rise once more, with 49,156 repor…","Covid cases in the UK are on the rise once more, with 49,156 reported on Monday the highest figure since mid-July. The increase appears to be driven by growing case numbers in England, but what is be… [+6925 chars]","['#Covid', '#cases', '#UK', '#rise', '#reported']"
UK records highest Covid deaths since March,"Spread of infections beyond younger people pushes up hospitalisations and death rates<ul><li>Coronavirus – latest updates</li><li>See all our coronavirus coverage</li></ul>The UK has reported its highest number of Covid deaths for seven months, with 223 death…","The UK has reported its highest number of Covid deaths for seven months, with 223 deaths recorded within 28 days of a positive test for the virus.
The daily death rate, which has not been as high si… [+638 chars]","['#deaths', '#UK', '#reported', '#number', '#Covid']"
5% of Washington state police personnel don't comply with COVID-19 vaccine mandate,"Only 127 of approximately 2,200 employees of the Washington State Patrol declined to get vaccinated against the coronavirus.","Nearly 95% of the people employed by the Washington state police force have complied with the mandate to get vaccinated against COVID-19, the agency announced Monday.
The Washington State Patrol emp… [+1115 chars]","['#Washington', '#people', '#employed', '#state', '#police']"
Dutch coronavirus cases jump 44% as hospitals feel strain - Reuters,"New coronavirus infections in the Netherlands jumped 44% in the week through Tuesday, forcing several hospitals in the country to cut back on regular care to deal with a rising number of COVID-19 cases.","Dutch tourists, who will spend a week long holiday in isolation in their tourist resort as part of an experiment, arrive at the Rhodes International Airport, amid the coronavirus disease (COVID-19) o… [+1532 chars]","['#tourists', '#spend', '#week', '#holiday', '#isolation']"
BC announces 560 new coronavirus cases; 79 in Interior Health - BC News - Castanet.net,BC announces 560 new coronavirus cases; 79 in Interior Health - BC News  Castanet.netView Full coverage on Google News,"The provincial government has announced 560 new coronavirus cases, including 79 in the Interior Health region.
The new cases bring B.C.’s total since the pandemic began to 198,838, although just 4,9… [+1695 chars]","['#cases', '#government', '#announced', '#coronavirus', '#including']"
Gates Foundation allots $120 mln for poor nations to get COVID-19 drug - Reuters,"The Gates Foundation will allocate up to $120 million to help lower-income countries get an experimental COVID-19 drug being developed by U.S. drugmaker Merck & Co Inc in the battle against coronavirus, it said on Wednesday.","By Reuters Staff
Oct 20 (Reuters) - The Gates Foundation will allocate up to $120 million to help lower-income countries get an experimental COVID-19 drug being developed by U.S. drugmaker Merck &am… [+1705 chars]","['#Reuters', '#Staff', '#Oct', '#Gates', '#Foundation']"
"Sales growth at Gucci slows down sharply in Q3, missing forecasts - Reuters","Kering's star fashion brand Gucci grew sales by 3.8% in the third quarter, missing analyst expectations, as the pace of recovery from the coronavirus pandemic slowed down sharply following a bumper second quarter, particularly in Asia.","Mannequins are seen inside a closed Gucci store on 5th Avenue, during the outbreak of the coronavirus disease (COVID-19), in Manhattan, New York city, New York, U.S., May 11, 2020. REUTERS/Mike Segar… [+1625 chars]","['#New', '#York', '#Mannequins', '#seen', '#Gucci']"
New Zealand reports record daily cases as Delta spreads - Reuters,"New Zealand recorded on Tuesday the highest number of daily cases since the pandemic began last year, as the Delta variant of the coronavirus spreads in its biggest city Auckland.","A member of the public receives a Pfizer vaccine at a drive-through coronavirus disease (COVID-19) vaccination clinic in Otara during a single-day vaccination drive, aimed at significantly increasing… [+1719 chars]","['#drive', '#vaccination', '#member', '#public', '#receives']"
"Brazil has 373 COVID deaths in 24 hours, lowest since April 2020 -ministry - Reuters","Brazil has had 15,609 new cases of the novel coronavirus reported in the past 24 hours, and 373 deaths from COVID-19, the health ministry said on Wednesday, reporting the lowest death toll for a Wednesday since April last year.","A health worker administers a dose of Johnson &amp; Johnson vaccine against the coronavirus disease (COVID-19) to a resident as he takes a selfie, during mass vaccination at the Ilha Grande island, o… [+913 chars]","['#Johnson', '#health', '#worker', '#administers', '#dose']"
"Oil prices fall as weaker China growth, U.S. output stoke demand concerns - Reuters","Oil prices fell on Tuesday, with Brent down a second straight day, after Chinese data showed slowing economic growth and U.S. factory output dropped in September, raising fresh concerns about demand amid patchy recovery from the coronavirus pandemic.","Crude oil storage tanks are seen in an aerial photograph at the Cushing oil hub in Cushing, Oklahoma, U.S. April 21, 2020. REUTERS/Drone BaseTOKYO, Oct 19 (Reuters) - Oil prices fell on Tuesday, with… [+1901 chars]","['#oil', '#Cushing', '#storage', '#tanks', '#seen']"
"New Zealand's daily COVID-19 cases fall, some classrooms to reopen - Reuters","Daily COVID-19 cases in New Zealand fell on Wednesday after a record jump the day before, with most infections still in Auckland as the Delta variant of the coronavirus continues to affect the country's biggest city.","People wear masks as they exercise during a lockdown to curb the spread of a coronavirus disease (COVID-19) outbreak, in Auckland, New Zealand, August 26, 2021. REUTERS/Fiona GoodallOct 20 (Reuters) … [+1659 chars]","['#People', '#wear', '#masks', '#exercise', '#lockdown']"
Serbia introduces COVID-19 passes for indoor cafes and restaurants - Reuters,"Serbia will make a COVID-19 ""health pass"" mandatory for access to restaurants, cafes and bars in the evenings, Prime Minister Ana Brnabic said on Wednesday, as the country struggles with persistently high numbers of coronavirus infections.","Serbia's Prime Minister Ana Brnabic poses for a portrait after an interview at Serbia's Embassy in London, Britain, February 25, 2018. REUTERS/Will Russell/File PhotoBELGRADE, Oct 20 (Reuters) - Serb… [+1612 chars]","['#Serbia', '#Prime', '#Minister', '#Ana', '#Brnabic']"
"Russia is still being ravaged by COVID-19, with 1,000 deaths a day and only 33% vaccinated","Many Russians do not trust the vaccines produced by the country's scientists, leaving them unprotected as the coronavirus continues to spread.","Russia's COVID-19 death toll reached record highs this week, starkly illustrating how the nation has struggled to handle the pandemic.
Government data showed more than 1,000 daily COVID-19 deaths fo… [+3456 chars]","['#COVID-19', '#Russia', '#death', '#toll', '#reached']"
"Pandemic has spurred engagement in online extremism, say experts","Terror content just one of ‘cocktail of harms’ that are subject to growing online engagement, report finds<ul><li>Coronavirus – latest updates</li><li>See all our coronavirus coverage</li></ul>Eighteen months of global lockdowns have led to growing engagement…","Eighteen months of global lockdowns have led to growing engagement in a toxic online cocktail of extremist material ranging from terrorist content to conspiracy theories and disinformation, experts w… [+4323 chars]","['#months', '#lockdowns', '#led', '#growing', '#engagement']"
Further Covid restrictions in England not needed ‘for now’,"Business secretary denies government is being complacent as infections and deaths rise<ul><li>Coronavirus – latest updates</li><li>See all our coronavirus coverage</li></ul>The return of some Covid restrictions in England is not needed “for now”, the business…","The return of some Covid restrictions in England is not needed for now, the business secretary has insisted, as he denied the government was being complacent in the face of daily infections and death… [+3604 chars]","['#return', '#Covid', '#restrictions', '#England', '#needed']"
Why September’s dip in UK inflation may be a false dawn,Analysis: Covid support schemes have distorted official data and experts fear inflation will resume its ascent<ul><li>UK inflation falls despite supply crisis and rising petrol prices</li><li>Coronavirus – latest updates</li><li>See all our coronavirus covera…,"Just when everyone was preparing for a stratospheric rise in Septembers consumer prices index from Augusts 3.2%, the Office for National Statistics said it fell to 3.1%.
Anyone concerned about risin… [+4402 chars]","['#preparing', '#rise', '#Septembers', '#consumer', '#prices']"
"Complacency holding back Covid booster jabs rollout, says NHS leader",Ruth Rankine says people are less motivated to get top-up dose as restrictions have been eased<ul><li>Coronavirus – latest updates</li><li>See all our coronavirus coverage</li></ul>The Covid booster jabs programme is being undermined by the public’s complacen…,"The Covid booster jabs programme in England is being undermined by the publics complacency about the threat posed by the virus, a senior NHS leader involved in the rollout has said.
The number of pe… [+2848 chars]","['#Covid', '#booster', '#jabs', '#programme', '#England']"
Rachel Levine: Transgender official sworn in as four-star admiral,Dr Rachel Levine is already the nation's most prominent openly transgender federal official.,"Dr Rachel Levine, the US assistant secretary for health, has been sworn in as the first transgender four-star officer in the country's history. 
The 63-year-old is now an admiral of the US Public He… [+1673 chars]","['#US', '#Dr', '#Rachel', '#Levine', '#assistant']"
"G20 leaders summit to focus on climate, COVID-19 and recovery measures-Italy's Draghi - Reuters","The summit of the G20 leaders scheduled in Rome at the end of this month will focus on the fight against climate change, coronavirus and the measures required for a global recovery after the pandemic, Italian Prime Minister Mario Draghi said on Wednesday.","Italy's Economy Minister Daniele Franco speaks during a joint news conference with Italy's Prime Minister Mario Draghi (not pictured) on the government's new fiscal targets in Rome, Italy, September … [+851 chars]","['#Italy', '#Minister', '#Economy', '#Daniele', '#Franco']"
Fed's Barkin says U.S. labor supply problems may outlast pandemic - Reuters,"U.S. labor shortages may outlast the coronavirus pandemic and limit overall economic growth unless the country comes up with better education, health and childcare policies to boost the number of people willing and able to work, Richmond Federal Reserve Presi…","Federal Reserve Bank of Richmond President Thomas Barkin poses during a break at a Dallas Fed conference on technology in Dallas, Texas, U.S., May 23, 2019. REUTERS/Ann SaphirWASHINGTON, Oct 19 (Reut… [+2423 chars]","['#Dallas', '#Federal', '#Reserve', '#Bank', '#Richmond']"
Russian region runs out of hospital beds as COVID-19 deaths hit record - Reuters,"A Russian region near Moscow has run out of hospital beds for coronavirus patients, its governor said on Tuesday, as the country's daily COVID-19 death toll hit a record and the Kremlin told citizens to take responsibility and get vaccinated.","Medical specialists transport a patient outside a hospital for people infected with the coronavirus disease (COVID-19) in Moscow, Russia October 13, 2021. REUTERS/Tatyana MakeyevaMOSCOW, Oct 19 (Reut… [+2076 chars]","['#specialists', '#transport', '#patient', '#hospital', '#people']"
Chinese hot pot chain Haidilao slows growth as COVID-19 curbs consumer appetite - Reuters,"China's biggest hot pot chain Haidilao <a href=""https://www.reuters.com/companies/6862.HK"" target=""_blank"">(6862.HK)</a> is slowing its rollout of new restaurants and increasing diversification of its fare, tempering its rapid expansion during the coronavirus…","BEIJING, Oct 20 (Reuters) - China's biggest hot pot chain Haidilao (6862.HK) is slowing its rollout of new restaurants and increasing diversification of its fare, tempering its rapid expansion during… [+3743 chars]","['#BEIJING', '#Oct', '#Reuters', '#China', '#pot']"
U.S. economy grew at 'modest to moderate' rate: Fed's Beige Book - Reuters,"The U.S. economy grew at a ""modest to moderate"" rate in September and early October, as the latest surge of coronavirus cases crested and began to recede, the Federal Reserve said on Wednesday in its latest Beige Book compendium of reports about the economy.","FILE PHOTO: The Federal Reserve building is set against a blue sky in Washington, U.S., May 1, 2020. REUTERS/Kevin Lamarque/File Photo
(Reuters) - The U.S. economy grew at a modest to moderate rate … [+1706 chars]","['#U.S.', '#FILE', '#PHOTO', '#Federal', '#Reserve']"
5500 healthcare workers in B.C. unvaccinated a week before mandate goes into effect - BC News - Castanet.net,"<ol><li>5500 healthcare workers in B.C. unvaccinated a week before mandate goes into effect - BC News  Castanet.net
</li><li>Another 560 new COVID-19 cases reported in B.C. along with five deaths  Global News
</li><li>BC COVID-19 hospitalizations: Provincia…","More than 5,500 healthcare workers in B.C. remain unvaccinated a week before the province’s vaccine mandate for the sector goes into effect.
Anyone who works or volunteers in a public healthcare fac… [+1242 chars]","['#healthcare', '#workers', '#B.C.', '#remain', '#week']"
Putin orders week-long paid holiday to curb Covid infections in Russia,Russian President Vladimir Putin orders a nationwide week-long paid holiday starting on October 30 to curb Covid infections amid record coronavirus deaths.,"Earlier this year, Xi assigned to Han Zheng, the most senior of China's four vice premiers, the task of rolling out the levy much more widely, according to the report. However, Beijing is now settlin… [+271 chars]","['#year', '#Xi', '#assigned', '#Han', '#Zheng']"
COVID and stimulus scams have cost Americans $585 million so far,"Criminals have swindled Americans out of a jarring $585 million through coronavirus- and stimulus-related scams since early 2020, according to data collected...","Comedy CentralJordan Klepper hadnt attended a Trump rally since he inadvertently found himself in the middle of the Capitol riot on Jan. 6, a day no one will ever forget, unless youre a Republican me… [+295 chars]","['#Comedy', '#CentralJordan', '#Klepper', '#attended', '#Trump']"
Poland's daily COVID cases exceed 5000 for first time since May - Reuters,"Poland reported over 5,000 daily COVID-19 cases for the first time since May on Wednesday, Health Ministry data showed.","A woman wearing a protective mask walks in front of the Zlote Tarasy shopping mall in the centre of the city as the government eased coronavirus disease (COVID-19) restrictions, in Warsaw, Poland May… [+484 chars]","['#woman', '#wearing', '#mask', '#walks', '#Zlote']"
"FDA Approves Mixing COVID Vaccines; Backs Moderna, J&J Boosters",The CDC will consult an expert panel later this week before finalizing official recommendations on coronavirus vaccine boosters.,WASHINGTON (AP) U.S. regulators on Wednesday signed off on extending COVID-19 boosters to Americans who got the Moderna or Johnson &amp; Johnson vaccine and said anyone eligible for an extra dose can… [+1751 chars],"['#Johnson', '#WASHINGTON', '#AP', '#U.S.', '#regulators']"
Senegal logs zero new COVID-19 cases for first time since pandemic began - Reuters,"Senegal recorded zero new COVID-19 cases on Wednesday for the first time since the pandemic began, the health ministry said.","Aminata Laye Diagne, a nurse gives a dose of coronavirus disease (COVID-19) vaccine to a woman at Philippe Senghor Hospital in Dakar, amid a surge of coronavirus disease (COVID-19) cases in Senegal J… [+1217 chars]","['#coronavirus', '#disease', '#COVID-19', '#Aminata', '#Laye']"
"Brian Snitker, Bobby Cox and the Friendship That Shapes Atlanta","Neither Bobby Cox’s stroke in 2019 nor Atlanta’s current playoff run has stopped Manager Brian Snitker from visiting his mentor, searching for bits of magic.","Sometimes, he doesnt remember my name, the kids names, the grandkids names, but someone from baseball can come in and they can start talking about playoff or World Series games from years ago, and he… [+1145 chars]","['#names', '#remember', '#kids', '#grandkids', '#baseball']"
"Bolsonaro should face murder charges over Brazil’s Covid disaster, draft senate report says","Draft text says neglect, incompetence and opposition to science fueled ‘stratospheric’ death tollThe Brazilian president, Jair Bolsonaro, should face murder charges for his role in the country’s “stratospheric” coronavirus death toll, a draft report from a se…","The Brazilian president, Jair Bolsonaro, should face murder charges for his role in the countrys stratospheric coronavirus death toll, a draft report from a senate inquiry into Brazils Covid crisis h… [+837 chars]","['#president', '#Jair', '#Bolsonaro', '#face', '#murder']"
Trump's Pentagon Chief Ruled Out Ramping Up Troops at Border,Top national security aides to former President Trump also talked him out of launching military raids against drug cartels inside Mexico.,"WASHINGTON President Trumps defense secretary thought the idea was outrageous.
In the spring of 2020, Mark T. Esper, the defense secretary, was alarmed to learn of an idea under discussion at a top … [+1585 chars]","['#defense', '#secretary', '#idea', '#WASHINGTON', '#President']"
"Coronavirus: 1 death, 51 new COVID-19 cases in Manitoba Wednesday | CTV News - CTV News","<ol><li>Coronavirus: 1 death, 51 new COVID-19 cases in Manitoba Wednesday | CTV News  CTV News
</li><li>Pandemic, vaccine mandates contribute to school bus driver shortage in Manitoba  Globalnews.ca
</li><li>Manitoba public health, vaccine leaders to give C…","WINNIPEG - 
Manitoba is reporting one new death related to COVID-19 on Wednesday.
This brings the death toll to 1,235 in Manitoba since the pandemic started.
Manitoba also reported 51 new COVID-19… [+1244 chars]","['#Manitoba', '#death', '#COVID-19', '#WINNIPEG', '#reporting']"
COVID-19 Live Updates: News on coronavirus in Calgary for Oct. 20 - Calgary Herald,"<ol><li>COVID-19 Live Updates: News on coronavirus in Calgary for Oct. 20  Calgary Herald
</li><li>Toronto hopes it can begin vaccinating younger school-aged children in 'coming weeks:' official  CP24 Toronto's Breaking News
</li><li>White House details pla…","Watch this page throughout the day for updates on COVID-19 in Calgary 
Newsroom Staff
Gerry and Nicole Milner stop to enjoy the colours along the Elbow River in Stanley Park in Calgary on Sunday, O… [+13010 chars]","['#Calgary', '#Watch', '#page', '#day', '#updates']"
"Coronavirus infections amongst students, school staff declining after back-to-class surge - Kelowna News - Castanet.net","<ol><li>Coronavirus infections amongst students, school staff declining after back-to-class surge - Kelowna News  Castanet.net
</li><li>Northern Health COVID-19 update for October 19 2021  Prince George Citizen
</li><li>More than 5500 B.C. health-care worke…","There were 1,123 cases of COVID-19 detected within K-12 students and school staff in the Interior Health region in the first five weeks of the school year.
Provincial health officer Dr. Bonnie Henry… [+2592 chars]","['#school', '#cases', '#COVID-19', '#detected', '#K-12']"
A cancer survivor carried the coronavirus for almost a year in the world's longest-ever active COVID-19 case,"The unnamed 47-year old woman, who was in complete remission from blood cancer, carried COVID-19 for at least 335 days, a study found.","A cancer survivor was found to have carried the coronavirus for at least 335 days in the longest ever documented case of COVID-19 to date, a new study said.
The findings were published as a pre-prin… [+1940 chars]","['#cancer', '#survivor', '#found', '#carried', '#coronavirus']"
Natural immunity is good. Getting vaccinated after being sick with COVID-19 is better.,A growing body of research suggests previous coronavirus infection plus vaccination provides the strongest protection against COVID-19.,"Many people have caught COVID-19 over the past 20 months, despite their best efforts, or because they didn't take enough precautions against the coronavirus. 
Data is just starting to emerge about h… [+6173 chars]","['#people', '#caught', '#COVID-19', '#months', '#efforts']"
Risks still too high to ease COVID rules - Swiss government - Reuters,"The Swiss government will not ease its remaining pandemic-related restrictions on public life for the time being, it said on Wednesday, citing unacceptably high risks of another wave of infections.","A woman walks along Lake Leman banks during partial lockdown measures amid the coronavirus disease (COVID-19) outbreak in Geneva, Switzerland, November 18, 2020. REUTERS/Denis Balibouse/File PhotoZUR… [+1326 chars]","['#woman', '#walks', '#Lake', '#Leman', '#banks']"
"German tax take surges, ministry optimistic on growth, inflation - Reuters","Tax take has risen dramatically this year, the German Finance Ministry said in its monthly report on Thursday, adding that there were signs that strong growth would resume next year, when inflationary pressures would also moderate.","By Reuters Staff
Passengers wear face masks as they wait for an S-Bahn commuter train on the platform at Friedrichstrasse station during lockdown amid the coronavirus disease (COVID-19) pandemic, in… [+1197 chars]","['#Reuters', '#Staff', '#Passengers', '#wear', '#face']"
"UK reports 223 COVID-19 deaths, most since March - Reuters","Britain on Tuesday reported 223 deaths within 28 days of a positive test for COVID-19, the highest figure since March, according to official data.","Workers walk towards Tower Bridge during the morning rush hour, amid a relaxation of lockdown restrictions during the coronavirus disease (COVID-19) pandemic in London, Britain, September 15, 2021. R… [+326 chars]","['#Workers', '#walk', '#Tower', '#Bridge', '#morning']"
Politics derails debate on immunity you get after recovering from Covid-19 - STAT,"<ol><li>Politics derails debate on immunity you get after recovering from Covid-19  STAT
</li><li>Experts caution numbers of fully-vaccinated in hospital present 'skewed' version of reality  CTV News Vancouver
</li><li>Coronavirus: What's happening in Canad…","WASHINGTON Among scientists, theres little debate: People who get sick with Covid-19 develop at least some protection against being infected in the future.
But exactly how much protection they have,… [+6925 chars]","['#protection', '#WASHINGTON', '#scientists', '#s', '#debate']"
United Airlines posts smaller quarterly loss as travel rebounds - Reuters,"United Airlines Holdings <a href=""https://www.reuters.com/companies/UAL.O"" target=""_blank"">(UAL.O)</a> on Tuesday reported a narrower-than-expected third-quarter loss, helped by a recovery in travel demand.","A United Airlines passenger jet takes off with New York City as a backdrop, at Newark Liberty International Airport, New Jersey, U.S. December 6, 2019. REUTERS/Chris Helgren/File PhotoCHICAGO, Oct 19… [+1546 chars]","['#New', '#United', '#Airlines', '#passenger', '#jet']"
Japan kicks off election campaign as support for the ruling LDP dips - Reuters,"Japan on Tuesday kicked off its first official day of campaigning ahead of the Oct 31 general election, with a media poll showing support for the ruling party easing,in a blow for  recently installed prime minister Fumio Kishida.","Japanese Prime Minister Fumio Kishida speaks during a news conference at the prime minister's official residence in Tokyo, Japan October 14, 2021. Eugene Hoshiko/Pool via REUTERS/File PhotoTOKYO, Oct… [+1649 chars]","['#Prime', '#Minister', '#Fumio', '#Kishida', '#speaks']"
UK Deliveroo orders soar by 59% despite restaurants reopening,"Tie-up with Amazon more than doubles members of food courier firm’s premium subscription serviceDeliveroo enjoyed a 59% increase in orders in the UK and Ireland between July and September despite the return of dine-in restaurant eating, as a partnership with …","Deliveroo enjoyed a 59% increase in orders in the UK and Ireland between July and September despite the return of dine-in restaurant eating, as a partnership with Amazon more than doubled members of … [+1948 chars]","['#Deliveroo', '#enjoyed', '#increase', '#orders', '#UK']"
Religious exemptions threaten to undermine US Covid vaccine mandates,"In California hundreds of public employees, including police and firefighters, are claiming ‘sincerely held’ objections to the vaccineThis month, California became the first state to require Covid-19 vaccines for all schoolchildren but the provision came with…","This month, California became the first state to require Covid-19 vaccines for all schoolchildren but the provision came with a loophole: students will be granted religious exemptions.
California, w… [+6853 chars]","['#California', '#month', '#state', '#require', '#Covid-19']"
"Romania reports record number of deaths, COVID-19 infections - Reuters","Romania reported a fresh daily record of COVID-19 infections of 18,863 cases on Tuesday, and 574 deaths, a record high number since the start of the pandemic, the government said on Tuesday.","A coronavirus disease (COVID-19) patient wearing a PPE mask sits in the emergency unit hallway of the National Institute for Infectious Diseases ""Matei Bals"" in Bucharest, Romania, October 11, 2021. … [+494 chars]","['#coronavirus', '#disease', '#COVID-19', '#patient', '#wearing']"
"China will prevent platform monopolies and disorderly expansion of capital, Xi says - Reuters","China will prevent monopolistic behaviours by internet platform companies and the disorderly expansion of capital, state Xinhua News Agency quoted president Xi Jinping as saying on Tuesday.","Chinese President Xi Jinping delivers a speech during a meeting to commend role models in China's fight against the coronavirus disease (COVID-19) outbreak, at the Great Hall of the People in Beijing… [+500 chars]","['#President', '#Xi', '#Jinping', '#delivers', '#speech']"
"UK reports almost 50000 new COVID cases, 179 deaths - Reuters UK","Britain reported 49,139 new COVID-19 cases on Wednesday and 179 more deaths within 28 days of a positive test, official data showed.","Passengers wear masks whilst travelling on the London Underground train system, amidst the spread of the coronavirus disease (COVID-19) pandemic, in London, Britain, October 20, 2021. REUTERS/Toby Me… [+402 chars]","['#London', '#Passengers', '#wear', '#masks', '#travelling']"
Children with mild COVID-19 may not develop antibodies; oral vaccine booster shows promise in monkey study - Reuters,The following is a summary of some recent studies on COVID-19. They include research that warrants further study to corroborate the findings and that have yet to be certified by peer review.,"Parents walk with children to school, amid the coronavirus disease (COVID-19) pandemic in Brooklyn, New York, U.S. October 4, 2021. REUTERS/Brendan McDermidOct 20 (Reuters) - The following is a summa… [+3878 chars]","['#Parents', '#walk', '#children', '#school', '#coronavirus']"
"Polish daily COVID-19 cases rise almost 85% in one week, says deputy minister - Reuters","Poland will report 3,931 COVID-19 cases on Tuesday, a deputy health minister said, an increase of almost 85% compared to the previous week.","People queue up outside a mass vaccination centre to receive a Johnson &amp; Johnson jab against coronavirus disease (COVID-19) without prior registration during the campaign ""Let's get vaccinated du… [+592 chars]","['#Johnson', '#People', '#queue', '#vaccination', '#centre']"
UK keeping a very close eye on rising COVID-19 infections - PM spokesperson - Reuters,"Britain's government is keeping a ""very close eye"" on rising level of COVID-19 infections, Prime Minister Boris Johnson's spokesperson said, after infections rose to the highest level since lockdown restrictions were eased in the summer.","A person holds documents as healthcare staff receive the COVID-19 booster vaccine, amid the coronavirus disease (COVID-19) pandemic, at Midland House in Derby, Britain, September 20, 2021. REUTERS/Ca… [+771 chars]","['#COVID-19', '#person', '#holds', '#documents', '#healthcare']"
"Ireland allows nightclubs reopen, keeps some COVID-19 curbs - Reuters",Ireland will allow nightclubs to reopen for the first time since March 2020 but stepped back on Tuesday from plans to drop almost all COVID-19 restrictions in response to a rise in infections in one of the world's most vaccinated countries.,"A man walks his dog near a closed bar, as the spread of the coronavirus disease (COVID-19) continues, Dublin, Ireland, March 29, 2020. REUTERS/Jason CairnduffDUBLIN, Oct 19 (Reuters) - Ireland will a… [+798 chars]","['#Ireland', '#man', '#walks', '#dog', '#bar']"
China c.bank injects 100 bln yuan via reverse repos - Reuters,China's central bank increased its short-term fund injection on Wednesday by offering 100 billion yuan ($15.67 billion) through seven-day reverse repos into the banking system.,"By Reuters Staff
FILE PHOTO: A man wearing a mask walks past the headquarters of the People's Bank of China, the central bank, in Beijing, China, as the country is hit by an outbreak of the new coro… [+638 chars]","['#China', '#Reuters', '#Staff', '#FILE', '#PHOTO']"
Singapore extends COVID-19 curbs to Nov. 21 - health ministry - Reuters,"Singapore will extend its social curbs to contain the spread of COVID-19 for around a month in order to ease the pressure on the healthcare system, its health ministry said on Wednesday.","The seating area at a food centre is cordoned off to restrict dining-in as part of the latest measures to curb the coronavirus disease (COVID-19) outbreak in Singapore July 23, 2021. REUTERS/Caroline… [+550 chars]","['#seating', '#area', '#food', '#centre', '#cordoned']"
"Union Pacific, unions sue each other over COVID-19 vaccine mandate - Reuters","Three unions representing workers at Union Pacific Corp <a href=""https://www.reuters.com/companies/UNP.N"" target=""_blank"">(UNP.N)</a> filed lawsuits against the U.S. railroad operator's move to make vaccines mandatory under a deadline imposed by the Biden adm…","A woman holds a small bottle labelled with a ""Coronavirus COVID-19 Vaccine"" sticker and a medical syringe in this illustration taken October 30, 2020. REUTERS/Dado Ruvic/File PhotoOct 19 (Reuters) - … [+582 chars]","['#woman', '#holds', '#bottle', '#labelled', '#Coronavirus']"
"Brazil central bank chief says climate shocks raising food, energy prices - Reuters","Brazil's central bank President Roberto Campos Neto said on Tuesday that adverse climate shocks such as heat waves, frosts and prolonged droughts have affected food and energy prices, fueling rising inflation in the country.","Brazil's Central Bank President Roberto Campos Neto speaks at a media statement announcing economic measures during the coronavirus disease (COVID-19) outbreak in Brasilia, Brazil, March 27, 2020. RE… [+713 chars]","['#Brazil', '#Central', '#Bank', '#President', '#Roberto']"
Poland facing COVID-19 'explosion' says health minister - Reuters,"Poland has seen an explosion of the COVID-19 pandemic over the past two days and if the current trend continues drastic steps will be needed, the health minister said on Wednesday, after the country reported over 5,000 daily cases for the first time since May.","People wearing protecting masks walk in front of the Zlote Tarasy shopping mall in the centre of the city as the government eased coronavirus disease (COVID-19) restrictions, in Warsaw, Poland May 4,… [+624 chars]","['#People', '#wearing', '#protecting', '#masks', '#walk']"
UK to open up COVID vaccine booking service to those aged 12-15 - Reuters,British health minister Sajid Javid said on Tuesday that the national COVID-19 vaccine booking service would be opened up to those aged 12 and 15 to ramp up the number of younger people receiving shots amid concern about a rise in cases.,"A healthcare worker prepares a dose of the coronavirus disease (COVID-19) vaccine at a vaccination centre inside the Blackburn Cathedral, in Blackburn, Britain, January 19, 2021. REUTERS/Molly Darlin… [+762 chars]","['#Blackburn', '#healthcare', '#worker', '#prepares', '#dose']"
Russia's Putin approves nationwide one-week workplace shutdown from Oct. 30 - Reuters,Russian President Vladimir Putin on Wednesday approved a government proposal for a week-long workplace shutdown at the  start of November to combat an alarming rise in COVID-19 cases and deaths.,"Medical specialists walk inside a hospital for patients infected with the coronavirus disease (COVID-19) in Moscow, Russia October 13, 2021. REUTERS/Tatyana MakeyevaMOSCOW, Oct 20 (Reuters) - Russian… [+774 chars]","['#specialists', '#walk', '#hospital', '#patients', '#infected']"
Singapore reports highest single-day deaths from COVID-19 - Reuters,"Singapore's health ministry recorded 18 new deaths due to COVID-19 on Wednesday, the highest since the beginning of the pandemic, while it reported 3,862 cases of the disease.","A woman wearing a face mask walks past shops, as the spread of coronavirus disease (COVID-19) continues, in Singapore, April 2, 2020. REUTERS/Edgar Su
Oct 20 (Reuters) - Singapore's health ministry … [+618 chars]","['#Singapore', '#woman', '#wearing', '#face', '#mask']"
Russian healthcare system feels the strain as daily COVID-19 deaths break record - Reuters,"Russia's healthcare system is operating under great strain, Health Minister Mikhail Murashko said on Wednesday, as the national death toll from COVID-19 hit a daily high for the second consecutive day.","Medical specialists transport a patient outside a hospital for people infected with the coronavirus disease (COVID-19) in Moscow, Russia October 13, 2021. REUTERS/Tatyana MakeyevaMOSCOW, Oct 20 (Reut… [+2024 chars]","['#specialists', '#transport', '#patient', '#hospital', '#people']"
UK pay awards set to regain pre-pandemic pace - XpertHR - Reuters,"Pay awards for British private-sector workers are set to return to their pre-pandemic size as employers compete for staff, according to a survey which will feed into the Bank of England's thinking about when to raise interest rates.","Workers travel through Waterloo railway station during the morning rush hour as coronavirus disease (COVID-19) restrictions continue to ease in Britain, London, Britain, May 19, 2021. REUTERS/Toby Me… [+2391 chars]","['#Britain', '#Workers', '#travel', '#Waterloo', '#railway']"
Kuwait's efforts on political gridlock give hope for strained finances - IMF - Reuters,"Kuwait's political gridlock has strained state coffers but <a href=""https://www.reuters.com/world/middle-east/kuwaits-emir-launches-process-amnesty-pardoning-dissidents-2021-10-20"" target=""_blank"">new efforts to resolve the impasse</a> could signal an acceler…","The Kuwait Central Bank towers are pictured over the traditional Dhow harbor as business deals and institutional lending for Gulf have frozen, following an outbreak of coronavirus disease (COVID-19),… [+2141 chars]","['#Kuwait', '#Central', '#Bank', '#towers', '#pictured']"
"Czech COVID-19 cases soar to highest since April, prompting new measures - Reuters","The Czech government will force restaurants to check patrons' COVID-19 status, among other measures it decided on Wednesday, to stem a spike in infections that is the highest since April.","A man receives a dose of the coronavirus disease (COVID-19) vaccine during a trial run of the national vaccination centre located inside the O2 Arena in Prague, Czech Republic, April 9, 2021. REUTERS… [+2506 chars]","['#man', '#receives', '#dose', '#coronavirus', '#disease']"
"UAE announces 122 new COVID-19 cases, 157 recoveries, 2 deaths in last 24 hours - ZAWYA","<ol><li>UAE announces 122 new COVID-19 cases, 157 recoveries, 2 deaths in last 24 hours  ZAWYA
</li><li>Vaccine hesitancy rife among pregnant women, with just 30% uptake  Irish Examiner
</li><li>View Full coverage on Google News</li></ol>","The Ministry of Health and Prevention (MoHAP) announced that it conducted 327,338 additional COVID-19 tests over the past 24 hours, using state-of-the-art medical testing equipment.
In a statement o… [+1226 chars]","['#Ministry', '#Health', '#Prevention', '#MoHAP', '#announced']"
"Ontario orders 1.4 million extra doses of flu vaccine this year, shots available to everyone next month - CTV Toronto","<ol><li>Ontario orders 1.4 million extra doses of flu vaccine this year, shots available to everyone next month  CTV Toronto
</li><li>Ontario reports 328 new coronavirus cases, 4 more deaths  CP24 Toronto's Breaking News
</li><li>Another 560 new COVID-19 ca…","TORONTO -- 
Ontarios health minister says the provincial government is spending nearly $90 million this year to purchase 7.6 million doses of the flu shot, an increase of more than a million doses o… [+2842 chars]","['#doses', '#TORONTO', '#Ontarios', '#health', '#minister']"
Children fuel English COVID case rise after slow vaccine start - National Post,"<ol><li>Children fuel English COVID case rise after slow vaccine start  National Post
</li><li>Experts caution numbers of fully-vaccinated in hospital present 'skewed' version of reality  CTV News Vancouver
</li><li>Coronavirus: What's happening in Canada a…","Article content
LONDON The spread of COVID-19 among children in England is fueling a recent rise in cases nationally and causing concern among some scientists that vaccines are being rolled out in s… [+6355 chars]","['#Article', '#content', '#LONDON', '#spread', '#COVID-19']"
Health minister says Ont. is working on 'final plan' to vaccinate younger children as ministry reports 173 new school-related cases - CP24 Toronto's Breaking News,"<ol><li>Health minister says Ont. is working on 'final plan' to vaccinate younger children as ministry reports 173 new school-related cases  CP24 Toronto's Breaking News
</li><li>Ottawa nearing herd immunity as it hits major vaccine milestones  CBC.ca
</li>…",Ontarios health minister says that the province is working on a final plan for the administration of COVID-19 vaccines to younger school-aged children and will be ready to go as soon as it receives H… [+3278 chars],"['#Ontarios', '#health', '#minister', '#says', '#province']"
B.C. makes flu shot free for everyone this year - Vancouver Is Awesome,"<ol><li>B.C. makes flu shot free for everyone this year  Vancouver Is Awesome
</li><li>Coronavirus infections amongst students, school staff declining after back-to-class surge - BC News  Castanet.net
</li><li>5 deaths in the last day, B.C. officials say in…","The province is rolling out free flu shots to everyone over the age of six months in B.C.
It was previously available free only for high-risk groups, including seniors in long-term and continuing ca… [+2044 chars]","['#province', '#rolling', '#flu', '#shots', '#age']"
Only fully vaccinated people to be allowed in Parliament Hill buildings — a potential problem for Conservatives - National Post,"<ol><li>Only fully vaccinated people to be allowed in Parliament Hill buildings — a potential problem for Conservatives  National Post
</li><li>Parliament imposes mandatory vaccination rule on most MPs  CBC.ca
</li><li>Today’s coronavirus news: PM consults …","Conservative Leader Erin O'Toole supports COVID vaccinations but is against making them mandatory. He has refused to say how many of his MPs are fully vaccinated 
Conservative Leader Erin O'Toole in… [+7206 chars]","['#Leader', '#Erin', ""#O'Toole"", '#supports', '#COVID']"
"5 deaths in the last day, B.C. officials say in update announcing 560 more cases - CTV News Vancouver","<ol><li>5 deaths in the last day, B.C. officials say in update announcing 560 more cases  CTV News Vancouver
</li><li>Coronavirus infections amongst students, school staff declining after back-to-class surge - BC News  Castanet.net
</li><li>BC COVID-19 upda…","Vancouver - 
Five people died of COVID-19 in the 24-hour period summarized in the latest update from B.C. health officials.
In a written statement, the Ministry of Health said another 560 cases wer… [+3204 chars]","['#Vancouver', '#people', '#died', '#COVID-19', '#hour']"
Public Health Sudbury reported 25 new COVID-19 cases for Oct. 19 - Sudbury.com,"<ol><li>Public Health Sudbury reported 25 new COVID-19 cases for Oct. 19  Sudbury.com
</li><li>Ontario reports 328 new coronavirus cases, 4 more deaths  CP24 Toronto's Breaking News
</li><li>Ontario sees 328 new COVID-19 cases as province finalizes plan to …","Public Health Sudbury and Districts (PHSD) has reported 25 new cases of COVID-19 in the local jurisdiction for Oct. 19.
The health unit is also reporting there are now 92 active cases are being moni… [+2787 chars]","['#cases', '#Public', '#Health', '#Sudbury', '#Districts']"
COVID-19: Ontario reports 304 new cases; 20 in Ottawa; Cornwall MDs say hospital 'in crisis' - Ottawa Citizen,"<ol><li>COVID-19: Ontario reports 304 new cases; 20 in Ottawa; Cornwall MDs say hospital 'in crisis'  Ottawa Citizen
</li><li>Ontario reports 304 new coronavirus cases; four more deaths  CP24 Toronto's Breaking News
</li><li>Nine New Cases of COVID-19 Repor…","Aedan Helmer
FILE: An ICU team helping to intubate a patient suffering from COVID-19 at Humber River Hospital in Toronto.Photo by Cole Burston
Article content
Cornwall Community Hospital is now in… [+5977 chars]","['#Hospital', '#Aedan', '#Helmer', '#FILE', '#ICU']"
Manitoba pastor to be released following arrest for alleged defiance of public health orders - CTV News,"<ol><li>Manitoba pastor to be released following arrest for alleged defiance of public health orders  CTV News
</li><li>Manitoba says 158 health-care workers on unpaid leave over COVID-19 testing  Global News
</li><li>Coronavirus: 1 death, 51 new COVID-19 c…","WINNIPEG - 
A Manitoba pastor is set to be released from custody following his arrest for alleged defiance of public health orders.
Tobias Tissen, the pastor of the Church of God Restoration near S… [+1178 chars]","['#pastor', '#WINNIPEG', '#Manitoba', '#set', '#released']"
COVID-19: Ontario reports 304 new cases; 20 in Ottawa; Cornwall MDs say hospital 'in crisis' - Ottawa Citizen,"<ol><li>COVID-19: Ontario reports 304 new cases; 20 in Ottawa; Cornwall MDs say hospital 'in crisis'  Ottawa Citizen
</li><li>Ontario reports 304 new coronavirus cases; four more deaths  CP24 Toronto's Breaking News
</li><li>Nine New Cases of COVID-19 Repor…","Aedan Helmer
FILE: An ICU team helping to intubate a patient suffering from COVID-19 at Humber River Hospital in Toronto.Photo by Cole Burston
Article content
Cornwall Community Hospital is now in… [+5977 chars]","['#Hospital', '#Aedan', '#Helmer', '#FILE', '#ICU']"
Queen cancels Northern Ireland trip and told to rest,"Buckingham Palace says monarch has ‘reluctantly accepted medical advice to rest for next few days’The Queen has cancelled a trip to Northern Ireland and “reluctantly accepted medical advice to rest for the next few days”, Buckingham palace said.A spokesperson…","The Queen has cancelled a trip to Northern Ireland and reluctantly accepted medical advice to rest for the next few days, Buckingham palace has said.
A spokesperson for the palace said: The Queen ha… [+636 chars]","['#Queen', '#palace', '#said', '#cancelled', '#trip']"
Covid-19 news: No 10 warns of ‘challenging’ months ahead for UK,"The latest coronavirus news updated every day including coronavirus cases, the latest news, features and interviews from New Scientist and essential information about the covid-19 pandemic","By Michael Le Page
 , Clare Wilson
 , Jessica Hamzelou
 , Sam Wong
 , Graham Lawton
 , Adam Vaughan
 , Conrad Quilty-Harper
 , Jason Arunn Murugesu
 and Layal Liverpool
Commuters on the Lond… [+55574 chars]","['#Michael', '#Le', '#Page', '#Clare', '#Wilson']"
Few new cases of COVID-19 in Midwestern Ontario Thursday - BlackburnNews.com,"<ol><li>Few new cases of COVID-19 in Midwestern Ontario Thursday  BlackburnNews.com
</li><li>1 new COVID-19 case reported in Guelph, active cases at 25  Global News
</li><li>View Full coverage on Google News</li></ol>","By Janice MacKayOctober 19, 2021 4:31pmOntario reported 328 new Novel Coronavirus infections Thursday.
The Grey Bruce Health Unit added no new cases. There are 22 active cases, and two residents hos… [+406 chars]","['#cases', '#Janice', '#MacKayOctober', '#reported', '#Novel']"
Czechs report highest daily tally of COVID-19 cases since April - Reuters,"The Czech Republic detected 2,521 new cases of COVID-19 on Oct. 18, the highest daily tally since late April, data from the Health Ministry showed on Tuesday.","A man receives a dose of the coronavirus disease (COVID-19) vaccine during a trial run of the national vaccination centre located inside the O2 Arena in Prague, Czech Republic, April 9, 2021. REUTERS… [+973 chars]","['#man', '#receives', '#dose', '#coronavirus', '#disease']"
Roche raises 2021 outlook as COVID-19 tests continue powering sales - Reuters.com,"Swiss drugmaker Roche raised its 2021 sales forecast after posting an 8% rise in nine-month revenues, powered by demand for COVID-19 tests and strength in the overall business due to newly launched diagnostics platforms and medicines.","By Reuters Staff
FILE PHOTO: A logo of Swiss pharmaceutical company Roche in Rotkreuz, Switzerland, April 12, 2012. REUTERS/Michael Buholzer
(Reuters) -Swiss drugmaker Roche raised its 2021 sales f… [+1280 chars]","['#Reuters', '#Roche', '#Staff', '#FILE', '#PHOTO']"
Japan warns of need for stable currency as weak yen lifts input costs - Reuters,"Japan will watch currency movements carefully as exchange rate stability was important, a top government official said on Wednesday, in a warning that followed the yen's slide to a four-year low against the dollar.","TOKYO, Oct 20 (Reuters) - Japan will watch currency movements carefully as exchange rate stability was important, a top government official said on Wednesday, in a warning that followed the yen's sli… [+906 chars]","['#TOKYO', '#Oct', '#Reuters', '#Japan', '#watch']"
UPDATE 1-Japan warns of need for stable currency as weak yen lifts input costs - Reuters,"* Weak yen, rising energy costs, risk cooling consumption (Adds quote, details on Japan's economy and FX stance)","* Govt watching currency moves carefully - Isozaki
* Exchange-rate stability was extremely important
* Weak yen, rising energy costs, risk cooling consumption (Adds quote, details on Japans economy… [+1052 chars]","['#Govt', '#watching', '#currency', '#moves', '#Isozaki']"
U.S. administers 410.2 mln doses of COVID-19 vaccines - CDC - Reuters,"The United States has administered 410,189,737 doses of COVID-19 vaccines in the country as of Wednesday morning and distributed 496,915,265 doses, the U.S. Centers for Disease Control and Prevention said.","A healthcare worker prepares doses of the coronavirus disease (COVID-19) vaccine following Republican Governor Greg Abbott's ban on COVID-19 vaccine mandates by any entity, including private employer… [+1158 chars]","['#COVID-19', '#vaccine', '#healthcare', '#worker', '#prepares']"
Westpac to launch zero-interest digital card with young consumers in focus - Reuters,"Westpac Banking Corp <a href=""https://www.reuters.com/companies/WBC.AX"" target=""_blank"">(WBC.AX)</a> said on Wednesday it would launch a digital credit card this year that would offer zero interest and be aimed primarily at young customers who are seeking the…","An office building with Westpac logo is seen amidst the easing of the coronavirus disease (COVID-19) restrictions in the Central Business District of Sydney, Australia, June 3, 2020. REUTERS/Loren El… [+1256 chars]","['#office', '#building', '#Westpac', '#logo', '#seen']"
FAA demanding more transparency from U.S. airplane manufacturers -testimony - Reuters,"The head of the Federal Aviation Administration (FAA) will tell U.S. lawmakers on Thursday that the agency is taking a new stance in overseeing the safety efforts of airplane manufacturers like Boeing Co <a href=""https://www.reuters.com/companies/BA.N"" target…","Travelers wearing protective face masks to prevent the spread of the coronavirus disease (COVID-19) go through security before boarding a flight at the airport in Denver, Colorado, U.S., November 24,… [+1018 chars]","['#Travelers', '#wearing', '#face', '#masks', '#prevent']"
Brazil house speaker says spending ceiling cannot be put above welfare - Reuters,Brazilian lower house Speaker Arthur Lira signaled late on Monday that he might be open to discuss the introduction of a welfare program that could break the country's spending ceiling.,"President of Brazil's Lower House Arthur Lira is seen after a meeting with Brazil's Economy Minister Paulo Guedes, Brazil's Minister of the Secretariat of Government Luiz Eduardo Ramos and President … [+1422 chars]","['#Brazil', '#President', '#Minister', '#Lower', '#House']"
UK inflation declines unexpectedly in September - ONS - Reuters,"British inflation slowed unexpectedly last month but the decline probably marked a temporary respite for consumers and the Bank of England is expected to address the acceleration by raising interests rates, possibly in two weeks.","People shop at a market stalls in east London, Britain, January 23, 2021. REUTERS/Henry NichollsLONDON, Oct 20 (Reuters) - British inflation slowed unexpectedly last month but the decline probably ma… [+1162 chars]","['#People', '#shop', '#market', '#stalls', '#London']"
UK inflation declines unexpectedly in September - ONS - Reuters,"British inflation slowed unexpectedly last month but the decline probably marked a temporary respite for consumers and the Bank of England is expected to address the acceleration by raising interests rates, possibly in two weeks.","By Reuters Staff
FILE PHOTO: People shop at a market stalls in east London, Britain, January 23, 2021. REUTERS/Henry Nicholls
LONDON (Reuters) -British inflation slowed unexpectedly last month but … [+1063 chars]","['#Reuters', '#Staff', '#FILE', '#PHOTO', '#People']"
On the edge: UK health service facing growing winter pressures - Reuters,"The National Health Service is close to the edge of being overwhelmed in many parts of Britain and pressure is only going to increase as winter approaches, the head of a healthcare system body said on Wednesday.","NHS workers are seen next to a coronavirus disease (COVID-19) mobile testing unit in Tower Hamlets, London, Britain, May 2, 2021. REUTERS/Peter NichollsLONDON, Oct 20 (Reuters) - The National Health … [+817 chars]","['#NHS', '#workers', '#seen', '#coronavirus', '#disease']"
Washington subway board to retain outside safety advisers after derailment - Reuters,"The chair of the Washington Metropolitan Area Transit Authority (WMATA) board said on Wednesday that directors will retain outside safety advisers in the wake of last week's derailment, which that led to the indefinite removal of about 60% of the subway syste…","A person rests on a Washington Metro subway car wearing a face mask, following Mayor Muriel Bowser's declaration of a state of emergency due to the coronavirus disease (COVID-19) in Washington, U.S.,… [+896 chars]","['#Washington', '#person', '#rests', '#Metro', '#subway']"
Tokyo aims to lift COVID-19 curbs on restaurants as cases fall - media - Reuters,"The Tokyo Metropolitan Government is aiming to ease COVID-19 restrictions on bars and restaurants next week as infections continue to decline, the Jiji news service said on Wednesday.","People wearing protective masks amid the coronavirus disease (COVID-19) outbreak make their way at a shopping district in Tokyo, Japan, September 9, 2021. REUTERS/Kim Kyung-Hoon/File PhotoTOKYO, Oct … [+1337 chars]","['#People', '#wearing', '#masks', '#coronavirus', '#disease']"
Johnson & Johnson maintains 2021 sales forecast for COVID-19 vaccine - Reuters,"Johnson & Johnson <a href=""https://www.reuters.com/companies/JNJ.N"" target=""_blank"">(JNJ.N)</a> on Tuesday raised its adjusted profit forecast for 2021, even as it stuck to its outlook of $2.5 billion in sales from its COVID-19 vaccine this year.","Vials labelled ""COVID-19 Coronavirus Vaccine"" and sryinge are seen in front of displayed Johnson&amp;Johnson logo in this illustration taken, February 9, 2021. REUTERS/Dado Ruvic/Illustration Oct 19 … [+1012 chars]","['#Vials', '#labelled', '#COVID-19', '#Coronavirus', '#Vaccine']"
Slovakia's daily COVID-19 cases hit new peak since early March - Reuters,"Slovakia reported 3,480 new COVID-19 cases on Oct. 19, its highest daily tally since March 9, health ministry data showed on Wednesday.","A man, self-described as pilgrim, walks outside a vaccination centre in Zilina, as the country starts inoculations with Russian Sputnik V vaccines against the coronavirus disease (COVID-19), Slovakia… [+1288 chars]","['#man', '#self', '#described', '#pilgrim', '#walks']"
